n,Sample_name,file1,file2,i7_Adapter,i5_Adapter,Well,PrimerF,PrimerR,Locus
1,1306a-1,1306a-1_S1_L001_R1_001.fastq,1306a-1_S1_L001_R2_001.fastq,N701,N502,A1,GYAATCACTTGTCTTTTAAATGAAGACC,GGATTGCGCTGTTATCCCTA,1
2,1361a-1,1361a-1_S2_L001_R1_001.fastq,1361a-1_S2_L001_R2_001.fastq,N701,N503,B1,GYAATCACTTGTCTTTTAAATGAAGACC,GGATTGCGCTGTTATCCCTA,1
3,1362a-1,1362a-1_S3_L001_R1_001.fastq,1362a-1_S3_L001_R2_001.fastq,N701,N504,C1,GYAATCACTTGTCTTTTAAATGAAGACC,GGATTGCGCTGTTATCCCTA,1
4,1306b-1,1306b-1_S4_L001_R1_001.fastq,1306b-1_S4_L001_R2_001.fastq,N701,N505,D1,GYAATCACTTGTCTTTTAAATGAAGACC,GGATTGCGCTGTTATCCCTA,1
5,1361b-1,1361b-1_S5_L001_R1_001.fastq,1361b-1_S5_L001_R2_001.fastq,N701,N506,E1,GYAATCACTTGTCTTTTAAATGAAGACC,GGATTGCGCTGTTATCCCTA,1
6,1362b-1,1362b-1_S6_L001_R1_001.fastq,1362b-1_S6_L001_R2_001.fastq,N701,N507,F1,GYAATCACTTGTCTTTTAAATGAAGACC,GGATTGCGCTGTTATCCCTA,1
7,1306a-2,1306a-2_S7_L001_R1_001.fastq,1306a-2_S7_L001_R2_001.fastq,N701,N508,G1,GYAATCACTTGTCTTTTAAATGAAGACC,GGATTGCGCTGTTATCCCTA,1
8,1361a-2,1361a-2_S8_L001_R1_001.fastq,1361a-2_S8_L001_R2_001.fastq,N701,N517,H1,GYAATCACTTGTCTTTTAAATGAAGACC,GGATTGCGCTGTTATCCCTA,1
9,1362a-2,1362a-2_S9_L001_R1_001.fastq,1362a-2_S9_L001_R2_001.fastq,N702,N502,A2,GYAATCACTTGTCTTTTAAATGAAGACC,GGATTGCGCTGTTATCCCTA,1
10,1306b-2,1306b-2_S10_L001_R1_001.fastq,1306b-2_S10_L001_R2_001.fastq,N702,N503,B2,GYAATCACTTGTCTTTTAAATGAAGACC,GGATTGCGCTGTTATCCCTA,1
11,1361b-2,1361b-2_S11_L001_R1_001.fastq,1361b-2_S11_L001_R2_001.fastq,N702,N504,C2,GYAATCACTTGTCTTTTAAATGAAGACC,GGATTGCGCTGTTATCCCTA,1
12,1362b-2,1362b-2_S12_L001_R1_001.fastq,1362b-2_S12_L001_R2_001.fastq,N702,N505,D2,GYAATCACTTGTCTTTTAAATGAAGACC,GGATTGCGCTGTTATCCCTA,1
13,1306a-3,1306a-3_S13_L001_R1_001.fastq,1306a-3_S13_L001_R2_001.fastq,N702,N506,E2,GYAATCACTTGTCTTTTAAATGAAGACC,GGATTGCGCTGTTATCCCTA,1
14,1361a-3,1361a-3_S14_L001_R1_001.fastq,1361a-3_S14_L001_R2_001.fastq,N702,N507,F2,GYAATCACTTGTCTTTTAAATGAAGACC,GGATTGCGCTGTTATCCCTA,1
15,1362a-3,1362a-3_S15_L001_R1_001.fastq,1362a-3_S15_L001_R2_001.fastq,N702,N508,G2,GYAATCACTTGTCTTTTAAATGAAGACC,GGATTGCGCTGTTATCCCTA,1
16,1306b-3,1306b-3_S16_L001_R1_001.fastq,1306b-3_S16_L001_R2_001.fastq,N702,N517,H2,GYAATCACTTGTCTTTTAAATGAAGACC,GGATTGCGCTGTTATCCCTA,1
17,1361b-3,1361b-3_S17_L001_R1_001.fastq,1361b-3_S17_L001_R2_001.fastq,N703,N502,A3,GYAATCACTTGTCTTTTAAATGAAGACC,GGATTGCGCTGTTATCCCTA,1
18,1362b-3,1362b-3_S18_L001_R1_001.fastq,1362b-3_S18_L001_R2_001.fastq,N703,N503,B3,GYAATCACTTGTCTTTTAAATGAAGACC,GGATTGCGCTGTTATCCCTA,1
19,Positive-1,Positive-1_S19_L001_R1_001.fastq,Positive-1_S19_L001_R2_001.fastq,N703,N504,C3,GYAATCACTTGTCTTTTAAATGAAGACC,GGATTGCGCTGTTATCCCTA,1
20,Sample-1-1,Sample-1-1_S20_L001_R1_001.fastq,Sample-1-1_S20_L001_R2_001.fastq,N703,N505,D3,GYAATCACTTGTCTTTTAAATGAAGACC,GGATTGCGCTGTTATCCCTA,1
21,Sample-2-1,Sample-2-1_S21_L001_R1_001.fastq,Sample-2-1_S21_L001_R2_001.fastq,N703,N506,E3,GYAATCACTTGTCTTTTAAATGAAGACC,GGATTGCGCTGTTATCCCTA,1
22,Sample-3-1,Sample-3-1_S22_L001_R1_001.fastq,Sample-3-1_S22_L001_R2_001.fastq,N703,N507,F3,GYAATCACTTGTCTTTTAAATGAAGACC,GGATTGCGCTGTTATCCCTA,1
23,Sample-4-1,Sample-4-1_S23_L001_R1_001.fastq,Sample-4-1_S23_L001_R2_001.fastq,N703,N508,G3,GYAATCACTTGTCTTTTAAATGAAGACC,GGATTGCGCTGTTATCCCTA,1
24,Sample-5-1,Sample-5-1_S24_L001_R1_001.fastq,Sample-5-1_S24_L001_R2_001.fastq,N703,N517,H3,GYAATCACTTGTCTTTTAAATGAAGACC,GGATTGCGCTGTTATCCCTA,1
25,Sample-6-1,Sample-6-1_S25_L001_R1_001.fastq,Sample-6-1_S25_L001_R2_001.fastq,N704,N502,A4,GYAATCACTTGTCTTTTAAATGAAGACC,GGATTGCGCTGTTATCCCTA,1
26,Sample-7-1,Sample-7-1_S26_L001_R1_001.fastq,Sample-7-1_S26_L001_R2_001.fastq,N704,N503,B4,GYAATCACTTGTCTTTTAAATGAAGACC,GGATTGCGCTGTTATCCCTA,1
27,Sample-8-1,Sample-8-1_S27_L001_R1_001.fastq,Sample-8-1_S27_L001_R2_001.fastq,N704,N504,C4,GYAATCACTTGTCTTTTAAATGAAGACC,GGATTGCGCTGTTATCCCTA,1
28,Sample-9-1,Sample-9-1_S28_L001_R1_001.fastq,Sample-9-1_S28_L001_R2_001.fastq,N704,N505,D4,GYAATCACTTGTCTTTTAAATGAAGACC,GGATTGCGCTGTTATCCCTA,1
29,Sample-10-1,Sample-10-1_S29_L001_R1_001.fastq,Sample-10-1_S29_L001_R2_001.fastq,N704,N506,E4,GYAATCACTTGTCTTTTAAATGAAGACC,GGATTGCGCTGTTATCCCTA,1
30,Sample-11-1,Sample-11-1_S30_L001_R1_001.fastq,Sample-11-1_S30_L001_R2_001.fastq,N704,N507,F4,GYAATCACTTGTCTTTTAAATGAAGACC,GGATTGCGCTGTTATCCCTA,1
31,Sample-12-1,Sample-12-1_S31_L001_R1_001.fastq,Sample-12-1_S31_L001_R2_001.fastq,N704,N508,G4,GYAATCACTTGTCTTTTAAATGAAGACC,GGATTGCGCTGTTATCCCTA,1
32,Sample-13-1,Sample-13-1_S32_L001_R1_001.fastq,Sample-13-1_S32_L001_R2_001.fastq,N704,N517,H4,GYAATCACTTGTCTTTTAAATGAAGACC,GGATTGCGCTGTTATCCCTA,1
33,Sample-19-1,Sample-19-1_S33_L001_R1_001.fastq,Sample-19-1_S33_L001_R2_001.fastq,N705,N502,A5,GYAATCACTTGTCTTTTAAATGAAGACC,GGATTGCGCTGTTATCCCTA,1
34,Sample-48-1,Sample-48-1_S34_L001_R1_001.fastq,Sample-48-1_S34_L001_R2_001.fastq,N705,N503,B5,GYAATCACTTGTCTTTTAAATGAAGACC,GGATTGCGCTGTTATCCCTA,1
35,Sample-49-1,Sample-49-1_S35_L001_R1_001.fastq,Sample-49-1_S35_L001_R2_001.fastq,N705,N504,C5,GYAATCACTTGTCTTTTAAATGAAGACC,GGATTGCGCTGTTATCCCTA,1
36,Sample-20-1,Sample-20-1_S36_L001_R1_001.fastq,Sample-20-1_S36_L001_R2_001.fastq,N705,N505,D5,GYAATCACTTGTCTTTTAAATGAAGACC,GGATTGCGCTGTTATCCCTA,1
37,Sample-24-1,Sample-24-1_S37_L001_R1_001.fastq,Sample-24-1_S37_L001_R2_001.fastq,N705,N506,E5,GYAATCACTTGTCTTTTAAATGAAGACC,GGATTGCGCTGTTATCCCTA,1
38,Sample-25-1,Sample-25-1_S38_L001_R1_001.fastq,Sample-25-1_S38_L001_R2_001.fastq,N705,N507,F5,GYAATCACTTGTCTTTTAAATGAAGACC,GGATTGCGCTGTTATCCCTA,1
39,Sample-21-1,Sample-21-1_S39_L001_R1_001.fastq,Sample-21-1_S39_L001_R2_001.fastq,N705,N508,G5,GYAATCACTTGTCTTTTAAATGAAGACC,GGATTGCGCTGTTATCCCTA,1
40,Sample-28-1,Sample-28-1_S40_L001_R1_001.fastq,Sample-28-1_S40_L001_R2_001.fastq,N705,N517,H5,GYAATCACTTGTCTTTTAAATGAAGACC,GGATTGCGCTGTTATCCCTA,1
41,Sample-29-1,Sample-29-1_S41_L001_R1_001.fastq,Sample-29-1_S41_L001_R2_001.fastq,N706,N502,A6,GYAATCACTTGTCTTTTAAATGAAGACC,GGATTGCGCTGTTATCCCTA,1
42,Sample-30-1,Sample-30-1_S42_L001_R1_001.fastq,Sample-30-1_S42_L001_R2_001.fastq,N706,N503,B6,GYAATCACTTGTCTTTTAAATGAAGACC,GGATTGCGCTGTTATCCCTA,1
43,Sample-32-1,Sample-32-1_S43_L001_R1_001.fastq,Sample-32-1_S43_L001_R2_001.fastq,N706,N504,C6,GYAATCACTTGTCTTTTAAATGAAGACC,GGATTGCGCTGTTATCCCTA,1
44,Sample-34-1,Sample-34-1_S44_L001_R1_001.fastq,Sample-34-1_S44_L001_R2_001.fastq,N706,N505,D6,GYAATCACTTGTCTTTTAAATGAAGACC,GGATTGCGCTGTTATCCCTA,1
45,Positive-2,Positive-2_S45_L001_R1_001.fastq,Positive-2_S45_L001_R2_001.fastq,N706,N506,E6,GYAATCACTTGTCTTTTAAATGAAGACC,GGATTGCGCTGTTATCCCTA,1
46,Sample-1-2,Sample-1-2_S46_L001_R1_001.fastq,Sample-1-2_S46_L001_R2_001.fastq,N706,N507,F6,GYAATCACTTGTCTTTTAAATGAAGACC,GGATTGCGCTGTTATCCCTA,1
47,Sample-2-2,Sample-2-2_S47_L001_R1_001.fastq,Sample-2-2_S47_L001_R2_001.fastq,N706,N508,G6,GYAATCACTTGTCTTTTAAATGAAGACC,GGATTGCGCTGTTATCCCTA,1
48,Sample-3-2,Sample-3-2_S48_L001_R1_001.fastq,Sample-3-2_S48_L001_R2_001.fastq,N706,N517,H6,GYAATCACTTGTCTTTTAAATGAAGACC,GGATTGCGCTGTTATCCCTA,1
49,Sample-4-2,Sample-4-2_S49_L001_R1_001.fastq,Sample-4-2_S49_L001_R2_001.fastq,N707,N502,A7,GYAATCACTTGTCTTTTAAATGAAGACC,GGATTGCGCTGTTATCCCTA,1
50,Sample-5-2,Sample-5-2_S50_L001_R1_001.fastq,Sample-5-2_S50_L001_R2_001.fastq,N707,N503,B7,GYAATCACTTGTCTTTTAAATGAAGACC,GGATTGCGCTGTTATCCCTA,1
51,Sample-6-2,Sample-6-2_S51_L001_R1_001.fastq,Sample-6-2_S51_L001_R2_001.fastq,N707,N504,C7,GYAATCACTTGTCTTTTAAATGAAGACC,GGATTGCGCTGTTATCCCTA,1
52,Sample-7-2,Sample-7-2_S52_L001_R1_001.fastq,Sample-7-2_S52_L001_R2_001.fastq,N707,N505,D7,GYAATCACTTGTCTTTTAAATGAAGACC,GGATTGCGCTGTTATCCCTA,1
53,Sample-8-2,Sample-8-2_S53_L001_R1_001.fastq,Sample-8-2_S53_L001_R2_001.fastq,N707,N506,E7,GYAATCACTTGTCTTTTAAATGAAGACC,GGATTGCGCTGTTATCCCTA,1
54,Sample-9-2,Sample-9-2_S54_L001_R1_001.fastq,Sample-9-2_S54_L001_R2_001.fastq,N707,N507,F7,GYAATCACTTGTCTTTTAAATGAAGACC,GGATTGCGCTGTTATCCCTA,1
55,Sample-10-2,Sample-10-2_S55_L001_R1_001.fastq,Sample-10-2_S55_L001_R2_001.fastq,N707,N508,G7,GYAATCACTTGTCTTTTAAATGAAGACC,GGATTGCGCTGTTATCCCTA,1
56,Sample-11-2,Sample-11-2_S56_L001_R1_001.fastq,Sample-11-2_S56_L001_R2_001.fastq,N707,N517,H7,GYAATCACTTGTCTTTTAAATGAAGACC,GGATTGCGCTGTTATCCCTA,1
57,Sample-12-2,Sample-12-2_S57_L001_R1_001.fastq,Sample-12-2_S57_L001_R2_001.fastq,N708,N502,A8,GYAATCACTTGTCTTTTAAATGAAGACC,GGATTGCGCTGTTATCCCTA,1
58,Sample-13-2,Sample-13-2_S58_L001_R1_001.fastq,Sample-13-2_S58_L001_R2_001.fastq,N708,N503,B8,GYAATCACTTGTCTTTTAAATGAAGACC,GGATTGCGCTGTTATCCCTA,1
59,Sample-19-2,Sample-19-2_S59_L001_R1_001.fastq,Sample-19-2_S59_L001_R2_001.fastq,N708,N504,C8,GYAATCACTTGTCTTTTAAATGAAGACC,GGATTGCGCTGTTATCCCTA,1
60,Sample-48-2,Sample-48-2_S60_L001_R1_001.fastq,Sample-48-2_S60_L001_R2_001.fastq,N708,N505,D8,GYAATCACTTGTCTTTTAAATGAAGACC,GGATTGCGCTGTTATCCCTA,1
61,Sample-49-2,Sample-49-2_S61_L001_R1_001.fastq,Sample-49-2_S61_L001_R2_001.fastq,N708,N506,E8,GYAATCACTTGTCTTTTAAATGAAGACC,GGATTGCGCTGTTATCCCTA,1
62,Sample-20-2,Sample-20-2_S62_L001_R1_001.fastq,Sample-20-2_S62_L001_R2_001.fastq,N708,N507,F8,GYAATCACTTGTCTTTTAAATGAAGACC,GGATTGCGCTGTTATCCCTA,1
63,Sample-24-2,Sample-24-2_S63_L001_R1_001.fastq,Sample-24-2_S63_L001_R2_001.fastq,N708,N508,G8,GYAATCACTTGTCTTTTAAATGAAGACC,GGATTGCGCTGTTATCCCTA,1
64,Sample-25-2,Sample-25-2_S64_L001_R1_001.fastq,Sample-25-2_S64_L001_R2_001.fastq,N708,N517,H8,GYAATCACTTGTCTTTTAAATGAAGACC,GGATTGCGCTGTTATCCCTA,1
65,Sample-21-2,Sample-21-2_S65_L001_R1_001.fastq,Sample-21-2_S65_L001_R2_001.fastq,N709,N502,A9,GYAATCACTTGTCTTTTAAATGAAGACC,GGATTGCGCTGTTATCCCTA,1
66,Sample-28-2,Sample-28-2_S66_L001_R1_001.fastq,Sample-28-2_S66_L001_R2_001.fastq,N709,N503,B9,GYAATCACTTGTCTTTTAAATGAAGACC,GGATTGCGCTGTTATCCCTA,1
67,Sample-29-2,Sample-29-2_S67_L001_R1_001.fastq,Sample-29-2_S67_L001_R2_001.fastq,N709,N504,C9,GYAATCACTTGTCTTTTAAATGAAGACC,GGATTGCGCTGTTATCCCTA,1
68,Sample-30-2,Sample-30-2_S68_L001_R1_001.fastq,Sample-30-2_S68_L001_R2_001.fastq,N709,N505,D9,GYAATCACTTGTCTTTTAAATGAAGACC,GGATTGCGCTGTTATCCCTA,1
69,Sample-32-2,Sample-32-2_S69_L001_R1_001.fastq,Sample-32-2_S69_L001_R2_001.fastq,N709,N506,E9,GYAATCACTTGTCTTTTAAATGAAGACC,GGATTGCGCTGTTATCCCTA,1
70,Sample-34-2,Sample-34-2_S70_L001_R1_001.fastq,Sample-34-2_S70_L001_R2_001.fastq,N709,N507,F9,GYAATCACTTGTCTTTTAAATGAAGACC,GGATTGCGCTGTTATCCCTA,1
71,Positive-3,Positive-3_S71_L001_R1_001.fastq,Positive-3_S71_L001_R2_001.fastq,N709,N508,G9,GYAATCACTTGTCTTTTAAATGAAGACC,GGATTGCGCTGTTATCCCTA,1
72,Sample-1-3,Sample-1-3_S72_L001_R1_001.fastq,Sample-1-3_S72_L001_R2_001.fastq,N709,N517,H9,GYAATCACTTGTCTTTTAAATGAAGACC,GGATTGCGCTGTTATCCCTA,1
73,Sample-2-3,Sample-2-3_S73_L001_R1_001.fastq,Sample-2-3_S73_L001_R2_001.fastq,N710,N502,A10,GYAATCACTTGTCTTTTAAATGAAGACC,GGATTGCGCTGTTATCCCTA,1
74,Sample-3-3,Sample-3-3_S74_L001_R1_001.fastq,Sample-3-3_S74_L001_R2_001.fastq,N710,N503,B10,GYAATCACTTGTCTTTTAAATGAAGACC,GGATTGCGCTGTTATCCCTA,1
75,Sample-4-3,Sample-4-3_S75_L001_R1_001.fastq,Sample-4-3_S75_L001_R2_001.fastq,N710,N504,C10,GYAATCACTTGTCTTTTAAATGAAGACC,GGATTGCGCTGTTATCCCTA,1
76,Sample-5-3,Sample-5-3_S76_L001_R1_001.fastq,Sample-5-3_S76_L001_R2_001.fastq,N710,N505,D10,GYAATCACTTGTCTTTTAAATGAAGACC,GGATTGCGCTGTTATCCCTA,1
77,Sample-6-3,Sample-6-3_S77_L001_R1_001.fastq,Sample-6-3_S77_L001_R2_001.fastq,N710,N506,E10,GYAATCACTTGTCTTTTAAATGAAGACC,GGATTGCGCTGTTATCCCTA,1
78,Sample-7-3,Sample-7-3_S78_L001_R1_001.fastq,Sample-7-3_S78_L001_R2_001.fastq,N710,N507,F10,GYAATCACTTGTCTTTTAAATGAAGACC,GGATTGCGCTGTTATCCCTA,1
79,Sample-8-3,Sample-8-3_S79_L001_R1_001.fastq,Sample-8-3_S79_L001_R2_001.fastq,N710,N508,G10,GYAATCACTTGTCTTTTAAATGAAGACC,GGATTGCGCTGTTATCCCTA,1
80,Sample-9-3,Sample-9-3_S80_L001_R1_001.fastq,Sample-9-3_S80_L001_R2_001.fastq,N710,N517,H10,GYAATCACTTGTCTTTTAAATGAAGACC,GGATTGCGCTGTTATCCCTA,1
81,Sample-10-3,Sample-10-3_S81_L001_R1_001.fastq,Sample-10-3_S81_L001_R2_001.fastq,N711,N502,A11,GYAATCACTTGTCTTTTAAATGAAGACC,GGATTGCGCTGTTATCCCTA,1
82,Sample-11-3,Sample-11-3_S82_L001_R1_001.fastq,Sample-11-3_S82_L001_R2_001.fastq,N711,N503,B11,GYAATCACTTGTCTTTTAAATGAAGACC,GGATTGCGCTGTTATCCCTA,1
83,Sample-12-3,Sample-12-3_S83_L001_R1_001.fastq,Sample-12-3_S83_L001_R2_001.fastq,N711,N504,C11,GYAATCACTTGTCTTTTAAATGAAGACC,GGATTGCGCTGTTATCCCTA,1
84,Sample-13-3,Sample-13-3_S84_L001_R1_001.fastq,Sample-13-3_S84_L001_R2_001.fastq,N711,N505,D11,GYAATCACTTGTCTTTTAAATGAAGACC,GGATTGCGCTGTTATCCCTA,1
85,Sample-19-3,Sample-19-3_S85_L001_R1_001.fastq,Sample-19-3_S85_L001_R2_001.fastq,N711,N506,E11,GYAATCACTTGTCTTTTAAATGAAGACC,GGATTGCGCTGTTATCCCTA,1
86,Sample-48-3,Sample-48-3_S86_L001_R1_001.fastq,Sample-48-3_S86_L001_R2_001.fastq,N711,N507,F11,GYAATCACTTGTCTTTTAAATGAAGACC,GGATTGCGCTGTTATCCCTA,1
87,Sample-49-3,Sample-49-3_S87_L001_R1_001.fastq,Sample-49-3_S87_L001_R2_001.fastq,N711,N508,G11,GYAATCACTTGTCTTTTAAATGAAGACC,GGATTGCGCTGTTATCCCTA,1
88,Sample-20-3,Sample-20-3_S88_L001_R1_001.fastq,Sample-20-3_S88_L001_R2_001.fastq,N711,N517,H11,GYAATCACTTGTCTTTTAAATGAAGACC,GGATTGCGCTGTTATCCCTA,1
89,Sample-24-3,Sample-24-3_S89_L001_R1_001.fastq,Sample-24-3_S89_L001_R2_001.fastq,N712,N502,A12,GYAATCACTTGTCTTTTAAATGAAGACC,GGATTGCGCTGTTATCCCTA,1
90,Sample-25-3,Sample-25-3_S90_L001_R1_001.fastq,Sample-25-3_S90_L001_R2_001.fastq,N712,N503,B12,GYAATCACTTGTCTTTTAAATGAAGACC,GGATTGCGCTGTTATCCCTA,1
91,Sample-21-3,Sample-21-3_S91_L001_R1_001.fastq,Sample-21-3_S91_L001_R2_001.fastq,N712,N504,C12,GYAATCACTTGTCTTTTAAATGAAGACC,GGATTGCGCTGTTATCCCTA,1
92,Sample-28-3,Sample-28-3_S92_L001_R1_001.fastq,Sample-28-3_S92_L001_R2_001.fastq,N712,N505,D12,GYAATCACTTGTCTTTTAAATGAAGACC,GGATTGCGCTGTTATCCCTA,1
93,Sample-29-3,Sample-29-3_S93_L001_R1_001.fastq,Sample-29-3_S93_L001_R2_001.fastq,N712,N506,E12,GYAATCACTTGTCTTTTAAATGAAGACC,GGATTGCGCTGTTATCCCTA,1
94,Sample-30-3,Sample-30-3_S94_L001_R1_001.fastq,Sample-30-3_S94_L001_R2_001.fastq,N712,N507,F12,GYAATCACTTGTCTTTTAAATGAAGACC,GGATTGCGCTGTTATCCCTA,1
95,Sample-32-3,Sample-32-3_S95_L001_R1_001.fastq,Sample-32-3_S95_L001_R2_001.fastq,N712,N508,G12,GYAATCACTTGTCTTTTAAATGAAGACC,GGATTGCGCTGTTATCCCTA,1
96,Sample-34-3,Sample-34-3_S96_L001_R1_001.fastq,Sample-34-3_S96_L001_R2_001.fastq,N712,N517,H12,GYAATCACTTGTCTTTTAAATGAAGACC,GGATTGCGCTGTTATCCCTA,1
